"word","freq"
"xdd",70
"dobra",68
"chyba",67
"xddd",66
"masz",50
"nwm",50
"sumie",47
"imo",44
"spoko",43
"tez",36
"wiem",34
"dziaa",33
"sensie",33
"samo",32
"xdddd",32
"bym",31
"prostu",31
"mamy",30
"janek",29
"dziena",27
"wychodzi",26
"haha",25
"jutro",25
"chce",24
"troch",23
"wiadomo",23
"xdddddddd",23
"jakie",22
"kurwa",22
"pewnie",22
"potem",22
"dalej",21
"wgl",21
"dokadnie",20
"mog",19
"pewno",19
"t",19
"gitara",18
"og贸le",18
"okej",18
"powiem",18
"razie",18
"zaraz",18
"zrobi",18
"",18
"okok",17
"takiego",17
"tyle",17
"widz",17
"yup",17
"pkt",16
"raz",16
"rozumiem",16
"akurat",15
"lepiej",15
"robi",15
"same",15
"dobry",14
"mo偶emy",14
"myl",14
"razu",14
"wiec",14
"zadania",14
"znaczy",14
"chodzi",13
"chuj",13
"zadanie",13
"zdecydowanie",13
"algorytm",12
"czas",12
"dawaj",12
"panie",12
"racja",12
"rzeczy",12
"troche",12
"wyszo",12
"asi",11
"hah",11
"meh",11
"mniej",11
"ofc",11
"ostatnio",11
"robisz",11
"stary",11
"wyszlo",11
"xdddddd",11
"藕le",11
"cnie",10
"dokladnie",10
"idzie",10
"inaczej",10
"jebac",10
"kod",10
"miejscu",10
"niby",10
"ogarniam",10
"robie",10
"sensu",10
"serio",10
"szczerze",10
"wczoraj",10
"wyniki",10
"xddddd",10
"chcesz",9
"czm",9
"dam",9
"drugie",9
"dziki",9
"funkcji",9
"idziesz",9
"kolo",9
"mia",9
"miaem",9
"m贸wi",9
"nikt",9
"nom",9
"normalnie",9
"prezentacji",9
"robimy",9
"siebie",9
"tzn",9
"widziaem",9
"wyjdzie",9
"wynik",9
"zajebiscie",9
"aaa",8
"bd",8
"czego",8
"dole",8
"elo",8
"fajnie",8
"granica",8
"isc",8
"lokalizacj",8
"mateusz",8
"musz",8
"pamitam",8
"pawe",8
"pierwsze",8
"pisze",8
"przedmiot",8
"raczej",8
"razem",8
"razy",8
"the",8
"wiesz",8
"zasadzie",8
"zna",8
"adnie",8
"black",7
"chuja",7
"ciekawe",7
"czasu",7
"czym",7
"c贸偶",7
"dziala",7
"dzieki",7
"ehhh",7
"ewentualnie",7
"git",7
"hmmm",7
"idziemy",7
"istnieje",7
"jan",7
"jankiem",7
"kartki",7
"keys",7
"koniec",7
"luz",7
"macierzy",7
"mecz",7
"meczyk",7
"min",7
"moge",7
"m贸g",7
"najlepiej",7
"narazie",7
"ogarn",7
"podobno",7
"polecam",7
"poszo",7
"problem",7
"pytanie",7
"robi",7
"robiem",7
"rok",7
"sens",7
"sprawdziem",7
"szkoda",7
"tymi",7
"widze",7
"wojtka",7
"wybra",7
"wyglda",7
"zadanka",7
"zale偶y",7
"ziko",7
"zrobione",7
"zrobiem",7
"rednio",7
"agata",6
"aktualn",6
"autobus",6
"bilet",6
"bilety",6
"chcemy",6
"chciaem",6
"chocia偶",6
"daje",6
"da",6
"domu",6
"dopiero",6
"dzieje",6
"dzie",6
"easy",6
"gra",6
"hiszpaski",6
"indeks",6
"indukcja",6
"inf",6
"itp",6
"javie",6
"jednej",6
"juwenalia",6
"kolosa",6
"kocu",6
"kt贸r",6
"lewej",6
"ludzie",6
"macie",6
"macierz",6
"mega",6
"mialem",6
"mozemy",6
"mo偶esz",6
"mylaem",6
"m贸wisz",6
"name",6
"napisa",6
"napisze",6
"obczaj",6
"ogarnelem",6
"ogole",6
"pierdole",6
"pierwszy",6
"piknik",6
"plan",6
"plz",6
"podobnie",6
"p贸藕niej",6
"robi",6
"slajd贸w",6
"spojrzaem",6
"spokojnie",6
"sporo",6
"sprawa",6
"strony",6
"super",6
"szybko",6
"takim",6
"umiem",6
"warto",6
"wie",6
"wykadzie",6
"wysano",6
"xddddddd",6
"zrobi",6
"",6
"",6
"",6
"biosk",5
"bli偶ej",5
"btw",5
"byem",5
"by",5
"chcia",5
"chwile",5
"cooo",5
"czekam",5
"cz",5
"daj",5
"danych",5
"dow贸d",5
"drugiej",5
"dzban",5
"dziaao",5
"dugo",5
"eee",5
"egzaminu",5
"ehh",5
"fajna",5
"folder",5
"graf",5
"grupy",5
"innego",5
"i",5
"javy",5
"jebany",5
"jednym",5
"kazdego",5
"kolei",5
"kolosy",5
"kompletnie",5
"koo",5
"lecimy",5
"lepsza",5
"licze",5
"miao",5
"minut",5
"musisz",5
"napisa",5
"nowe",5
"oby",5
"oczywicie",5
"og贸lnie",5
"omege",5
"opcje",5
"os贸b",5
"pary",5
"pasuje",5
"pewny",5
"pocztku",5
"pole",5
"pomysu",5
"powiedzie",5
"pozdro",5
"praktycznie",5
"prawda",5
"przyklad",5
"przynajmniej",5
"przypadki",5
"raconteurs",5
"rad",5
"robi",5
"rownolegle",5
"samego",5
"sprawdzaem",5
"stanie",5
"staym",5
"stylu",5
"szanuj",5
"temu",5
"tmp",5
"trudne",5
"typu",5
"uznaem",5
"we藕",5
"wybieram",5
"wyjebane",5
"zajebiste",5
"zajcia",5
"zgadzam",5
"zobaczy",5
"zoto",5
"algorytmu",4
"analiza",4
"analiz",4
"bazy",4
"benchmarki",4
"biay",4
"bierzemy",4
"blisko",4
"brak",4
"bdziesz",4
"cage",4
"cale",4
"cae",4
"chcialem",4
"chetnie",4
"chlanie",4
"chod藕",4
"chwila",4
"chtnie",4
"ciagi",4
"czegos",4
"dane",4
"datatable",4
"daem",4
"dobre",4
"doda",4
"dolecialo",4
"dostaje",4
"dw贸ch",4
"dzielnika",4
"elephant",4
"formalnie",4
"funkcja",4
"funkcje",4
"generalnie",4
"genie",4
"grupa",4
"grupie",4
"ide",4
"id",4
"ilo",4
"jakby",4
"jakies",4
"jakim",4
"jednego",4
"jednostajnie",4
"jeste",4
"jestemy",4
"kamie",4
"koncu",4
"kondensator",4
"konkretnie",4
"kuba",4
"kurde",4
"kwestia",4
"liczby",4
"liczy",4
"listy",4
"lucknera",4
"ludzi",4
"machaj",4
"metoda",4
"metro",4
"miejsc",4
"miejsca",4
"mnngraph",4
"mojej",4
"morgen",4
"musze",4
"mysle",4
"najbardziej",4
"najpierw",4
"napiecie",4
"napisane",4
"napisz",4
"naprawde",4
"naprawd",4
"narty",4
"niet",4
"niewiele",4
"norma",4
"oba",4
"ogarne",4
"okazji",4
"oke",4
"opcji",4
"osobno",4
"ostatniej",4
"owf",4
"pamitasz",4
"pawel",4
"pawa",4
"pierdoli",4
"pierwszym",4
"pisaem",4
"poczekac",4
"podesa",4
"podoba",4
"podobne",4
"pokazuje",4
"policzy",4
"poniedziaki",4
"prawej",4
"prezentacja",4
"promienie",4
"przedziau",4
"przewa偶nie",4
"przodu",4
"pr贸bowaem",4
"punktu",4
"punkty",4
"pytam",4
"pyta",4
"raport",4
"reszta",4
"robil",4
"robilimy",4
"r贸偶ne",4
"samej",4
"siatka",4
"siema",4
"singiel",4
"slajdach",4
"slajdu",4
"slajdy",4
"specjalnie",4
"spotkamy",4
"spr贸buj",4
"srednia",4
"srednio",4
"swoj",4
"swojego",4
"szansa",4
"szybciej",4
"sabo",4
"takich",4
"takiej",4
"tekstu",4
"teorii",4
"trudny",4
"typ",4
"t",4
"ucz",4
"valublebadges",4
"vcc",4
"wait",4
"wci偶",4
"weekendowe",4
"wida",4
"wojtek",4
"wszystkiego",4
"wtorek",4
"wydaje",4
"wydziale",4
"wystarczy",4
"wysaem",4
"wy偶ej",4
"wzoru",4
"xddddddddddd",4
"xddddddddddddd",4
"xxd",4
"zaczyna",4
"zadaniu",4
"zadowolony",4
"zamiast",4
"zbior贸w",4
"zdaniem",4
"zmienne",4
"zrobic",4
"zrobie",4
"zrobi",4
"zwierz",4
"zwierza",4
"wiczenie",4
"atwy",4
"偶adnego",4
"偶adnej",4
"偶ebym",4
"わ",4
"ada",3
"adres",3
"aktualnie",3
"algorytmy",3
"ambasada",3
"analizy",3
"and",3
"arcsin",3
"badges",3
"badz",3
"bierzesz",3
"biore",3
"biznesowy",3
"bys",3
"bdziecie",3
"caej",3
"chciao",3
"chociaz",3
"chwil",3
"ciagle",3
"ciekaw",3
"ciekawego",3
"cig",3
"cig贸w",3
"coz",3
"ctg",3
"cush",3
"cwiczeniach",3
"cyrus",3
"czaisz",3
"czuje",3
"dal",3
"dni",3
"dostaniesz",3
"dowodu",3
"drodze",3
"druga",3
"drugim",3
"dyskretnej",3
"dziaaj",3
"dziaa",3
"dzikuj",3
"echo",3
"ela",3
"elegancko",3
"elitm",3
"empatii",3
"fajny",3
"filtry",3
"formularz",3
"from",3
"godziny",3
"gorzej",3
"grac",3
"granice",3
"granicy",3
"grupce",3
"gowy",3
"hahah",3
"hahaha",3
"heh",3
"httpssslsjopweduplindexphpofertadefaultprzedmiotid",3
"info",3
"issue",3
"jad",3
"jaka",3
"jakiego",3
"jakiej",3
"jakims",3
"janka",3
"jankowi",3
"jedynki",3
"jedzie",3
"jedziesz",3
"jestecie",3
"jkbc",3
"jprdl",3
"kazdym",3
"ker",3
"kmeans",3
"kminie",3
"kojarze",3
"kolejne",3
"kolumnie",3
"kolumny",3
"konca",3
"koncert",3
"koncertowo",3
"kozackie",3
"kozacko",3
"koca",3
"krzysiek",3
"kupuje",3
"labow",3
"ladnie",3
"lapie",3
"latarka",3
"leci",3
"list",3
"lol",3
"maja",3
"masakra",3
"materia",3
"mecze",3
"miejsce",3
"mieszkanie",3
"mie",3
"mini",3
"minusa",3
"mnostwo",3
"modu",3
"moglbys",3
"momentu",3
"mowiac",3
"mowilem",3
"mozesz",3
"musial",3
"musz",3
"m贸wi",3
"m贸wi",3
"mcz",3
"najmniej",3
"najwy偶ej",3
"napisalem",3
"napisaem",3
"napicia",3
"naroski",3
"nei",3
"nieee",3
"niemiec",3
"niestety",3
"nooo",3
"nope",3
"notatki",3
"nowa",3
"obczaje",3
"odp",3
"odpuszczam",3
"ogarnia",3
"ogarnie",3
"omega",3
"oooo",3
"opcja",3
"ore",3
"osoby",3
"ostatni",3
"ostatnie",3
"ostatnim",3
"otwarte",3
"pamietam",3
"panem",3
"paraboli",3
"par",3
"patrzyem",3
"patrz",3
"pierwszych",3
"pisae",3
"piwko",3
"piwo",3
"pizde",3
"plus",3
"poczatku",3
"podejsc",3
"podel",3
"podobnego",3
"podstawie",3
"pojebane",3
"pojcia",3
"poka",3
"pol",3
"pomys",3
"por贸wnaniu",3
"potrzebuje",3
"powiedz",3
"powiedziec",3
"poziom",3
"pozostaje",3
"pradowe",3
"prawd",3
"projekt",3
"proste",3
"przedmiotu",3
"przedmiot贸w",3
"przeksztacenia",3
"przychodzi",3
"przyjdzie",3
"przyj",3
"przypadek",3
"punktowane",3
"pytania",3
"python",3
"p贸jd",3
"p贸j",3
"p贸藕no",3
"pyta",3
"quality",3
"rano",3
"recznie",3
"robie",3
"robiles",3
"ryja",3
"rzeczywicie",3
"rcznie",3
"select",3
"semestrze",3
"siatce",3
"siatk",3
"skonczylo",3
"skoro",3
"spoczko",3
"sprawdze",3
"srode",3
"stawia",3
"stron",3
"stronka",3
"strzepic",3
"stworzyc",3
"suma",3
"sumy",3
"swoj",3
"sw贸j",3
"szczeg贸lnie",3
"szereg",3
"sucham",3
"tamta",3
"tomek",3
"treci",3
"turnieju",3
"twojej",3
"tydzie",3
"uczysz",3
"uuu",3
"wartosci",3
"wartoci",3
"watpliwosci",3
"wawie",3
"wbijasz",3
"wbi",3
"wczeniej",3
"wdi",3
"weekend",3
"wezm",3
"widziae",3
"wiedziaem",3
"wirtualki",3
"wisze",3
"wikszo",3
"wodeczka",3
"wolny",3
"wol",3
"wpa",3
"wpisa",3
"wracam",3
"wrzeniu",3
"wrzucic",3
"wr贸c",3
"wstaje",3
"wtf",3
"wykad",3
"wymiar贸w",3
"wyslesz",3
"wysa",3
"wyznacznikow",3
"wtpliwoi",3
"xdddddddddd",3
"xkurwad",3
"yyy",3
"zabawnie",3
"zad",3
"zadzwoni",3
"zale偶ao",3
"zapisa",3
"zazdro",3
"zbior",3
"zbiorach",3
"zbiory",3
"zbi贸r",3
"zdaem",3
"ziomek",3
"zjem",3
"zmiennych",3
"znac",3
"znalazem",3
"znam",3
"zobaczymy",3
"zrobi",3
"zrobil",3
"zrobilem",3
"zrobiles",3
"zrobisz",3
"zrobie",3
"zwraca",3
"zwyczajnie",3
"zwykle",3
"adne",3
"rodek",3
"rod",3
"",3
"",3
"adam",2
"agacie",2
"again",2
"aha",2
"akademika",2
"akak",2
"albon",2
"alca",2
"algorytmem",2
"angielski",2
"ankiecie",2
"ankieta",2
"apacha",2
"apache",2
"approves",2
"artur",2
"assert",2
"autobusem",2
"balicki",2
"bani",2
"basia",2
"bawi",2
"bazie",2
"benchmark",2
"bialy",2
"biedra",2
"biegunowych",2
"bierze",2
"bilet贸w",2
"biosku",2
"bla",2
"bledu",2
"boli",2
"brako",2
"bramki",2
"browara",2
"browarki",2
"byle",2
"byliscie",2
"bybym",2
"cakiem",2
"cena",2
"cersei",2
"chciaa",2
"chciabym",2
"chc",2
"chodzio",2
"chod藕my",2
"chronologicznie",2
"chujnia",2
"chujowo",2
"chujowy",2
"chwili",2
"chtny",2
"ciagla",2
"ciagu",2
"ciesz",2
"ciezko",2
"class",2
"cole",2
"coo",2
"coooo",2
"ctgxpi",2
"cykl",2
"czaje",2
"czego",2
"czekamy",2
"czipsy",2
"czo",2
"czulem",2
"czuem",2
"czwartek",2
"czym",2
"czytam",2
"czytaem",2
"czowiek",2
"dac",2
"dao",2
"deadline",2
"definicji",2
"delikatnie",2
"dlugo",2
"dnia",2
"dobrej",2
"dobrym",2
"dodatkowe",2
"dojada",2
"dokladniej",2
"dokupi",2
"dokadniej",2
"donra",2
"dopijam",2
"dostae",2
"dostepne",2
"dowody",2
"dowolnie",2
"drugi",2
"drug",2
"duet",2
"du偶e",2
"du偶y",2
"dwoch",2
"dyskretna",2
"dyszke",2
"dzbanem",2
"dzialaja",2
"dzielnik",2
"dziwie",2
"ebilet",2
"egzamin",2
"egzaminem",2
"egzaminie",2
"eigen",2
"elektro",2
"elektronika",2
"elektroniki",2
"elementy",2
"eli",2
"elitarnej",2
"emotka",2
"etap",2
"eulera",2
"fajne",2
"fart",2
"filip",2
"filipku",2
"filmiki",2
"filtr",2
"fiutek",2
"fiutka",2
"foals",2
"formie",2
"funkcjami",2
"gagola",2
"giedowa",2
"godz",2
"godzinka",2
"gore",2
"goscia",2
"gowniane",2
"gociu",2
"go",2
"graficznie",2
"grali",2
"granic",2
"gratuluj",2
"gruncie",2
"grupe",2
"grupka",2
"g贸rze",2
"g贸wno",2
"gowie",2
"hajs",2
"hclust",2
"heawooda",2
"heja",2
"hiszpana",2
"hmm",2
"httpswwwdropboxcomshhbehglljkaaabeowcpbyljdastareegzaminydlpreviewegrppdfsubfoldernavtracking",2
"httpswwwfacebookcomevents",2
"hula",2
"idea",2
"idealnie",2
"ide",2
"ifa",2
"impreza",2
"imprezka",2
"imprezy",2
"indeksach",2
"indeksu",2
"indeksy",2
"infy",2
"innej",2
"int",2
"inta",2
"intuicj",2
"intuicyjnie",2
"izi",2
"jad",2
"jadem",2
"jakbym",2
"jakich",2
"janem",2
"jasiek",2
"jedn",2
"jezuu",2
"je偶d偶enie",2
"joshua",2
"kabelek",2
"kacper",2
"kanonicznej",2
"kartk",2
"kary",2
"kat",2
"kata",2
"kawaek",2
"ka偶dej",2
"ka偶dym",2
"kebsa",2
"kim",2
"kodu",2
"kojarzysz",2
"kojarz",2
"kolejny",2
"kolorek",2
"kolos",2
"kolosie",2
"kolosik",2
"kolumn",2
"kombinacji",2
"kombinowac",2
"komenty",2
"koncerty",2
"kondensatorze",2
"konkretne",2
"konsultacjach",2
"konsultacji",2
"korzystasz",2
"korzystne",2
"koszuli",2
"krp",2
"ksi偶ce",2
"kuli",2
"kupie",2
"kupimy",2
"kupi",2
"kupujemy",2
"kupuj",2
"kurs",2
"kwestii",2
"kta",2
"labels",2
"laby",2
"ladne",2
"ladowce",2
"lapku",2
"latara",2
"lec",2
"legenda",2
"lekkim",2
"lekko",2
"lektorat",2
"lepsze",2
"lepszego",2
"le偶y",2
"libero",2
"liceum",2
"liczba",2
"liczy",2
"liczyc",2
"liczylo",2
"liczymy",2
"licz",2
"linka",2
"log",2
"lolz",2
"luzik",2
"mailu",2
"malo",2
"mapki",2
"martyna",2
"mati",2
"matma",2
"max",2
"meczu",2
"meczycho",2
"meterkiem",2
"metra",2
"metrze",2
"mexicano",2
"miales",2
"miar",2
"miaa",2
"miae",2
"miec",2
"mieli",2
"mielimy",2
"miley",2
"mistrza",2
"mmm",2
"mnei",2
"mocno",2
"momencie",2
"moodle",2
"mowi",2
"mowie",2
"mowil",2
"mowisz",2
"myli",2
"myslalem",2
"myla",2
"mymy",2
"m贸gby",2
"m贸gby",2
"m贸wic",2
"m贸wiem",2
"m贸wie",2
"mdre",2
"mdrego",2
"mczy",2
"najgorsze",2
"najmniejsze",2
"najmniejszego",2
"najprosciej",2
"najwazniejsze",2
"najwiksze",2
"najwyzej",2
"napiecia",2
"napieciowe",2
"napisac",2
"napisz",2
"narodowym",2
"nastepnym",2
"nauczy",2
"nauki",2
"nazywa",2
"necie",2
"neta",2
"niczego",2
"nieco",2
"niedugo",2
"niee",2
"niejasno",2
"niekt贸rych",2
"niemca",2
"niemiecki",2
"nieprzygotowana",2
"nier贸wnoci",2
"nier贸wno",2
"noo",2
"nooooo",2
"norweg",2
"nowy",2
"numer",2
"numerki",2
"obecnoci",2
"obierakami",2
"object",2
"obliczenie",2
"obojetne",2
"obojtne",2
"obraz",2
"oczy",2
"odcinek",2
"odjac",2
"odlego",2
"odpalilem",2
"odpowiedz",2
"odpowied藕",2
"odpuszczamy",2
"ogarnac",2
"ogarniemy",2
"ogarn",2
"ogladaj",2
"oglda",2
"ogldasz",2
"ohui",2
"omg",2
"once",2
"onico",2
"ooo",2
"openerze",2
"osobna",2
"ostatniego",2
"owak",2
"ozn",2
"oznacza",2
"paczam",2
"panowie",2
"pare",2
"pasowao",2
"patrzac",2
"patrzc",2
"pawilonach",2
"pawilony",2
"permutacja",2
"permute",2
"pewne",2
"piatek",2
"picie",2
"pierdol",2
"pierdolety",2
"pierwiastek",2
"pierwsza",2
"pierwszego",2
"pionowo",2
"piosenka",2
"pisales",2
"pisa",2
"pisz",2
"piwka",2
"pizze",2
"pitki",2
"pjona",2
"plakat",2
"planujemy",2
"poczytam",2
"podac",2
"podchodzi",2
"podeslac",2
"podesa",2
"podesaem",2
"podelij",2
"podobnej",2
"podzieli",2
"pogra",2
"pojedynczo",2
"pojsc",2
"pokazac",2
"pokaza",2
"pokazaa",2
"pokazae",2
"pokazujemy",2
"pokojach",2
"pola",2
"polecenie",2
"poleceniu",2
"policzyc",2
"policzyem",2
"politechnika",2
"polowe",2
"polsce",2
"pomidzy",2
"pomoc",2
"pomoc",2
"poniedziaek",2
"popierdolilo",2
"poprawiem",2
"poprzednie",2
"poprzedniej",2
"porownac",2
"por贸wna",2
"postaram",2
"poszedl",2
"potrzeba",2
"powazny",2
"powiedzial",2
"powinny",2
"powoduje",2
"pozbyc",2
"pozycji",2
"pppd",2
"pracy",2
"pradze",2
"prezentacje",2
"prezentacj",2
"proponuj",2
"prosciej",2
"prosta",2
"prosz",2
"prowadzcego",2
"prowadzcy",2
"proxy",2
"przeczytam",2
"przeczyta",2
"przeczytaem",2
"przegladalem",2
"przekonuje",2
"przeliczeniu",2
"przepis",2
"przesady",2
"przyda",2
"przyjde",2
"przyjecha",2
"przykad",2
"przykady",2
"przystanku",2
"psuje",2
"punkt",2
"punkt贸w",2
"puscisz",2
"pyka",2
"pytanko",2
"pyta",2
"pytae",2
"p贸jdziemy",2
"p贸",2
"pyt",2
"quali",2
"rady",2
"ramk",2
"rana",2
"raporty",2
"rekurencja",2
"rekurencji",2
"relacji",2
"reszte",2
"reszt",2
"return",2
"rezystancje",2
"riv",2
"robic",2
"robilo",2
"robi",2
"roboty",2
"rowna",2
"rozne",2
"roznica",2
"rozwa偶am",2
"rzeczywiscie",2
"r贸偶nicy",2
"sala",2
"samemu",2
"schemat",2
"seba",2
"secie",2
"sezon",2
"sezonu",2
"siaty",2
"siedzi",2
"siedzicie",2
"siedzieliscie",2
"siedz",2
"siemanko",2
"sid",2
"skoczy",2
"skoczy",2
"skoczyem",2
"skusi",2
"slabe",2
"smierc",2
"sol",2
"somsiedzie",2
"sorki",2
"sorry",2
"spa",2
"spa",2
"spk",2
"spodziewaem",2
"spojrzec",2
"spotka",2
"sprawdzam",2
"sprawdzi",2
"sprawdzone",2
"sprawdz",2
"sprawozdania",2
"sprowadza",2
"spytam",2
"sp贸藕ni",2
"srodek",2
"stabilnie",2
"stad",2
"stadion",2
"stalego",2
"stalym",2
"sta",2
"staego",2
"still",2
"straciem",2
"strasznie",2
"streamie",2
"stronki",2
"stronk",2
"studzienka",2
"stworzyles",2
"supremum",2
"swoim",2
"swoimi",2
"swojej",2
"symetryczna",2
"szacun",2
"szanse",2
"szeregowo",2
"szereg贸w",2
"szerokoci",2
"sztosik",2
"syszaem",2
"taa",2
"taaa",2
"tamto",2
"taylora",2
"team",2
"tempo",2
"test",2
"trakcie",2
"trasy",2
"trudno",2
"twierdzenie",2
"tworz",2
"uczelni",2
"uda",2
"umiesz",2
"users",2
"ustawione",2
"uwag",2
"uwazam",2
"uziemieniu",2
"wad",2
"wakacje",2
"wawy",2
"wa偶niejsze",2
"wbijam",2
"wcale",2
"wcisnac",2
"wczeniejsze",2
"wejcia",2
"wejciowej",2
"wektora",2
"wektory",2
"wektor贸w",2
"where",2
"who",2
"why",2
"widzimy",2
"widzisz",2
"wiecej",2
"wieczorem",2
"wiedzy",2
"wierzchok贸w",2
"wierz",2
"wisa",2
"wikszoci",2
"wkurwil",2
"wleciala",2
"wnioski",2
"woda",2
"wolne",2
"wpasc",2
"wpierdol",2
"wpiety",2
"wprost",2
"wrazenie",2
"wrocku",2
"wrs",2
"wrzesie",2
"wrzuci",2
"wstaem",2
"wszdzie",2
"wybitnie",2
"wychodza",2
"wychodz",2
"wydziau",2
"wygrali",2
"wyjsc",2
"wyjciu",2
"wykadu",2
"wymyslilem",2
"wypisa",2
"wyrzuca",2
"wyslal",2
"wysle",2
"wystarczajcy",2
"wysya",2
"wyszy",2
"wysae",2
"wywala",2
"w贸da",2
"w贸dki",2
"wasne",2
"xdddddddddddd",2
"xdddddddddddddd",2
"xddddddddddddddd",2
"xsinx",2
"xxdd",2
"zabawne",2
"zacny",2
"zaczne",2
"zadaniem",2
"zalapalem",2
"zalatwic",2
"zanim",2
"zapamitajcie",2
"zapomniaem",2
"zapowiada",2
"zaatwione",2
"zaatwi",2
"zbiegac",2
"zbiorkach",2
"zbiorki",2
"zbiorkow",2
"zbiorku",2
"zbyt",2
"zdam",2
"zdane",2
"zdanie",2
"zdziwi",2
"zebym",2
"zebysmy",2
"zera",2
"zeszycie",2
"zgadza",2
"zgodz",2
"zielono",2
"zjebal",2
"zjebalem",2
"zjebane",2
"zliczanie",2
"zmienia",2
"zmienili",2
"zmiennym",2
"znaczenie",2
"znacznie",2
"znajd",2
"znalazlem",2
"znalezione",2
"znale藕",2
"znasz",2
"zostaje",2
"zostawil",2
"zostawi",2
"zostao",2
"zrobilismy",2
"zrozumiaem",2
"zwierzu",2
"zwlaszcza",2
"zwolnienie",2
"zwracac",2
"zwraca",2
"miesznie",2
"miga",2
"niegu",2
"藕r贸dem",2
"藕r贸do",2
"",2
"",2
"",2
"",2
"",2
"",2
"",2
"",2
"",2
"aaaaa",1
"aaaaaaaaaaaaaaa",1
"aaaaaaaaaaaaaaaaaaaaaaaaaaaa",1
"abc",1
"absolutnie",1
"aczkolwiem",1
"aczkowliek",1
"adamem",1
"adamprzemek",1
"add",1
"adresu",1
"agate",1
"agaty",1
"agat",1
"agile",1
"aisd",1
"aitobus",1
"ajax",1
"ajj",1
"akademikiem",1
"akapicie",1
"akceptacji",1
"akceptowalna",1
"akcji",1
"akie",1
"ala",1
"albl",1
"album",1
"albumem",1
"albumie",1
"album贸w",1
"algbera",1
"algebra",1
"algebre",1
"algebry",1
"algorytmami",1
"algorytmie",1
"algorytm贸w",1
"alkoholowych",1
"all",1
"allequal",1
"amigo",1
"analizka",1
"angielskie",1
"angileski",1
"anglii",1
"angol",1
"angola",1
"anite",1
"apki",1
"apropo",1
"arccosx",1
"arcctg",1
"archi",1
"architekture",1
"argument",1
"argumentem",1
"artura",1
"arturem",1
"artykuy",1
"asserta",1
"atmosfera",1
"atmosfery",1
"atom",1
"aty",1
"auta",1
"autobusami",1
"autokarze",1
"awariami",1
"awarie",1
"ayy",1
"baaardzo",1
"baba",1
"babki",1
"back",1
"badam",1
"bada",1
"badgesbadgesnameisintmp",1
"badgesqueryclass",1
"badziewne",1
"balagan",1
"balea",1
"ball",1
"bandy",1
"bara",1
"barierce",1
"barocku",1
"barrocku",1
"bartek",1
"bartka",1
"batalii",1
"bawili",1
"bayern",1
"bayernowi",1
"bayesa",1
"bazach",1
"baz",1
"baagan",1
"beka",1
"beki",1
"belgi",1
"bencha",1
"benchmarkowych",1
"benchow",1
"between",1
"bezbdnie",1
"bezproblemowe",1
"bezwzgl",1
"biaym",1
"biblioteka",1
"bibliotek",1
"bicek",1
"biednych",1
"biedre",1
"biedrze",1
"biegunowe",1
"bier",1
"bierem",1
"bilecik",1
"binarnych",1
"bior",1
"bispojnym",1
"bittesch枚n",1
"biurze",1
"biznes",1
"bi",1
"blad",1
"blagam",1
"blinders",1
"blood",1
"boccone",1
"bodaj偶e",1
"bogusawa",1
"boks",1
"bol",1
"bolidami",1
"bol",1
"borkowski",1
"borowskim",1
"bota",1
"braknie",1
"brakowao",1
"braku",1
"brakuje",1
"brama",1
"brameczki",1
"bramka",1
"brandzluja",1
"brawo",1
"bra",1
"braem",1
"breaku",1
"bro",1
"brod",1
"browar",1
"browarek",1
"browarka",1
"browarkiem",1
"browarze",1
"brzenczyk",1
"brzenczyka",1
"brzmi",1
"brzydkie",1
"budiet",1
"buja",1
"bukmacher贸w",1
"buldupil",1
"buly",1
"burgera",1
"burza",1
"but",1
"buty",1
"but贸w",1
"bylbym",1
"bylbys",1
"bylem",1
"bywa",1
"byby",1
"bye",1
"b贸l",1
"b贸ldupi",1
"b贸ldupi",1
"bd藕",1
"bagam",1
"cache",1
"calek",1
"calkiem",1
"calkowac",1
"calkowaniem",1
"calosc",1
"cardi",1
"cardib",1
"casualowej",1
"cauchy",1
"caego",1
"caki",1
"caymi",1
"ca",1
"celowo",1
"celujemy",1
"cenie",1
"cenne",1
"centrum",1
"cerfie",1
"cewki",1
"chainlink",1
"chata",1
"chat",1
"chca",1
"chcial",1
"chcialbys",1
"chciales",1
"chcieli",1
"checia",1
"chetny",1
"chillu",1
"chlanko",1
"chodnika",1
"chory",1
"chowa",1
"choby",1
"chuje",1
"chujowe",1
"chumor",1
"chunka",1
"chunku",1
"chuui",1
"chuuuuuuj",1
"chwia",1
"chwilk",1
"chwil",1
"chwycilo",1
"chyha",1
"ciagach",1
"ciaglosci",1
"ciagloscia",1
"ciagow",1
"cieakwego",1
"ciecz",1
"ciekawi",1
"ciekawoci",1
"ciekawy",1
"ciekawych",1
"cieli",1
"cieplutko",1
"cieszy",1
"cieszyc",1
"ciezka",1
"cisna",1
"cisnely",1
"ciuchy",1
"cigi",1
"cigle",1
"ciga",1
"cigych",1
"ci偶ka",1
"ci偶ko",1
"codziennie",1
"coooz",1
"cosx",1
"count",1
"ctgtheta",1
"cud",1
"cudownego",1
"cudownie",1
"cutree",1
"cwiczen",1
"cwiczonkach",1
"cwiczyc",1
"cyborgiem",1
"cychochy",1
"cyk",1
"cyprianem",1
"cytat",1
"cywilizacj",1
"czaja",1
"czasie",1
"czeka",1
"czekaj",1
"czekajc",1
"czekanie",1
"czemuuu",1
"czerwca",1
"czerwcu",1
"czesc",1
"cze",1
"czg",1
"czlowiek",1
"czosnkowego",1
"cztery",1
"czujeprzygotowany",1
"czuj",1
"czynienia",1
"czytalem",1
"czytae",1
"czytelnie",1
"czsci",1
"czsto",1
"czci",1
"czowieka",1
"czowiekiem",1
"dacie",1
"dajemy",1
"daj",1
"dalbym",1
"dalem",1
"dalemberta",1
"dales",1
"dali",1
"dalo",1
"dalszej",1
"dalszym",1
"damy",1
"danute",1
"danuty",1
"dany",1
"darmo",1
"darmow",1
"dasz",1
"data",1
"datetable",1
"dat",1
"dawac",1
"dawa",1
"dawno",1
"da",1
"ddddddddddddddddddddddddddddddddddddddddddddddddddddddddddddd",1
"decyzja",1
"decyzj",1
"definicje",1
"delikatne",1
"denerwuj",1
"denerwuje",1
"desperados",1
"dibra",1
"diode",1
"diody",1
"diraca",1
"dist",1
"distem",1
"distinct",1
"dlugosc",1
"dlugosci",1
"dobieram",1
"dobierasz",1
"dobije",1
"dobilo",1
"dobrane",1
"dobrych",1
"dob",1
"dochodz",1
"dociskasz",1
"docsy",1
"doczekalimy",1
"doczytac",1
"dodac",1
"dodala",1
"dodatnich",1
"dodatnie",1
"dodatnio",1
"dodawac",1
"dodawa",1
"dodaem",1
"dogadamy",1
"dogadany",1
"dogoni",1
"dojade",1
"dojad",1
"dojazd",1
"dojdzie",1
"dojd",1
"dojebalo",1
"dojebane",1
"dojebany",1
"dojechaem",1
"doje偶d偶a",1
"doj",1
"dokona",1
"doktora",1
"doktorat",1
"dokumentacji",1
"dokumentowanie",1
"dokupie",1
"dokadnia",1
"dokadny",1
"dol",1
"dolaczyc",1
"dolna",1
"dolnego",1
"dolnym",1
"domkniety",1
"domknity",1
"domofonu",1
"domyslam",1
"domylam",1
"domylnie",1
"domylnymi",1
"done",1
"doogarnac",1
"dopelniania",1
"dopelnienia",1
"dopelnienie",1
"dopenienie",1
"dopisalismy",1
"dopisywal",1
"dopisze",1
"dopisz",1
"doposujac",1
"dopracuje",1
"dopytal",1
"dopyta",1
"dostac",1
"dostaj",1
"dostal",1
"dostalem",1
"dostales",1
"dostalismy",1
"dostane",1
"dostan",1
"dostan",1
"dostaes",1
"doszedlem",1
"dotarlo",1
"dotyczy",1
"double",1
"douczyc",1
"dowiedzia",1
"dowiedziaem",1
"dowiedzie",1
"dowiemy",1
"dowod",1
"dowodem",1
"dowodow",1
"dowodzie",1
"doczy",1
"doczy",1
"doczye",1
"dowiadczenia",1
"dplyrze",1
"dramat",1
"drame",1
"drigiej",1
"driver",1
"droga",1
"drogo",1
"drog",1
"drug",1
"drugiego",1
"drukne",1
"druknie",1
"drukowalem",1
"drukowa",1
"drzew",1
"drzwi",1
"dtisnadt",1
"dudzinskaprzerwa",1
"duma",1
"dumny",1
"dupe",1
"dupie",1
"dupy",1
"duze",1
"du偶ooo",1
"dworze",1
"dwukierunkowa",1
"dwusp贸jno",1
"dyche",1
"dysk",1
"dyskretn",1
"dysktuje",1
"dystrybucja",1
"dyszki",1
"dy偶ury",1
"dzbama",1
"dzbany",1
"dziadostwem",1
"dziaka",1
"dzialac",1
"dzialajo",1
"dzialalo",1
"dzialo",1
"dziaaja",1
"dziaay",1
"dziekanat",1
"dziekuje",1
"dzieli",1
"dzieli",1
"dziwna",1
"dziwne",1
"dziwnego",1
"dziwnie",1
"dziwo",1
"dzizad",1
"dzwiekowcow",1
"dzwon",1
"d贸",1
"dugiej",1
"dugoci",1
"dugo",1
"du偶ej",1
"ects",1
"edycja",1
"edytujesz",1
"ego",1
"ejjj",1
"ekonomiczniej",1
"eleganckie",1
"elegansio",1
"elegnacko",1
"elektronike",1
"elektronik",1
"elementow",1
"elementowe",1
"elementowych",1
"elementu",1
"element贸w",1
"elemenyu",1
"eleven",1
"eliminacjach",1
"eliminacje",1
"elitarnego",1
"elitarnie",1
"elitarnym",1
"eljasiak",1
"eljasiaka",1
"elwktrycznym",1
"emotke",1
"equal",1
"escapowanie",1
"estetyka",1
"etc",1
"europie",1
"eventowa",1
"ewidentne",1
"ewidentnie",1
"ewneufkanie",1
"faaajny",1
"fabula",1
"fabua",1
"face",1
"fail",1
"fajn",1
"fakt",1
"faktu",1
"fakultatywne",1
"falka",1
"fazie",1
"fazowe",1
"filipa",1
"filipie",1
"filozofii",1
"filtrami",1
"filtr贸w",1
"final",1
"finale",1
"finally",1
"font",1
"forach",1
"forem",1
"forma",1
"formularza",1
"fotach",1
"fotel",1
"fotografia",1
"fragmentem",1
"francuski",1
"frobeniusow",1
"fuck",1
"fuckin",1
"fuckupa",1
"funkcjonuje",1
"funkcj",1
"funkcj",1
"gadaj",1
"gadalimy",1
"gadaes",1
"gagolowi",1
"gale",1
"ganial",1
"garthem",1
"gaussa",1
"generowania",1
"geometrycznego",1
"gicie",1
"gimpy",1
"giovinazzi",1
"gita",1
"gitarach",1
"glowa",1
"glowe",1
"godzina",1
"godzinami",1
"godzinie",1
"godzinke",1
"godzink",1
"godzinna",1
"gorach",1
"gorsza",1
"gorsze",1
"gory",1
"gorze",1
"gorco",1
"got",1
"gotowego",1
"gotowi",1
"gotowki",1
"gotow",1
"got贸wki",1
"gowno",1
"goci",1
"gocia",1
"gracias",1
"graficznej",1
"grafik",1
"grafika",1
"grafow",1
"graf贸w",1
"graja",1
"graj",1
"gralem",1
"grane",1
"grania",1
"granicami",1
"granicynieskoczono",1
"graniczna",1
"granie",1
"gratisie",1
"gratki",1
"gratulacje",1
"grecji",1
"grek贸w",1
"grill",1
"group",1
"grubsza",1
"grupujc",1
"gryzy",1
"guardiola",1
"guess",1
"gun",1
"gwarantuje",1
"g贸ra",1
"g贸re",1
"g贸rna",1
"g贸ry",1
"ggolewski",1
"ggolewskiego",1
"gszczu",1
"gosowania",1
"gowka",1
"gupi",1
"g贸wce",1
"g贸wnym",1
"gbiej",1
"hahahah",1
"hahahaha",1
"hahahahshaha",1
"hahha",1
"hahshahahah",1
"hala",1
"halko",1
"halo",1
"ham",1
"hamiltona",1
"having",1
"headlinerach",1
"heee",1
"heey",1
"hej",1
"helga",1
"here",1
"hieroglify",1
"hipoteza",1
"historii",1
"historyjki",1
"historyjk",1
"hiszpan",1
"hiszpanskim",1
"hiszpaskim",1
"hmmmm",1
"holu",1
"hornera",1
"hospital",1
"hospitalizowac",1
"hosta",1
"http",1
"httpcgmcsmcgillcaathenscsprojectsmatthewwahabcolorhtml",1
"httpsdocsgooglecomdocumentdorfkpizkfdcwvucjqodngbdgbppndffkedituspsharing",1
"httpsdrivegooglecomdrivefoldersbpxgpbyunepulumzfcee",1
"httpsdrivegooglecomdrivefoldersbvmnvhbqgpbmvmtmlquvgclu",1
"httpsdrivegooglecomfiledyssfnuchqbzpihtovgshuhtkxhviewuspdrivesdk",1
"httpseaelportalplbipolarnehtml",1
"httpselportalplpdfkpdf",1
"httpsgeocomprrobinlovelacenetadvmaphtml",1
"httpsgithubcomminipwztechnikiwizualizacjidanych",1
"httpsgithubcomminipwztechnikiwizualizacjidanychtreemasterproton",1
"httpsmapsappgooglsyexsgyoug",1
"httpsmfacebookcom",1
"httpspastebincomsshbxb",1
"httpspastebincomwyklznt",1
"httpsproductvisionplwpcontentuploadsmapaempatiipng",1
"httpsproofwikiorgwikidiracstheorem",1
"httpssslsjopweduplindexphpofertadefaultprzedmiotidfbclidiwarcnfwytjobpdyrktmarcdoxsvqfthgwlttcphxnmmshamg",1
"httpsstreamablecomffpw",1
"httpsstreamablecommtbhj",1
"httpswwwdropboxcomshhbehglljkaaacqfjbjisncuvyfehastarekolokwiadlpreviewkolrppdfsubfoldernavtracking",1
"httpswwwfacebookcomgroupsaltminiawapermalink",1
"httpswwwremovebg",1
"httpswwwsoccerstreamscom",1
"httpswwwyoutubecomwatchvanvudaslhc",1
"httpswwwyoutubecomwatchvfmssqsufeatureshare",1
"httpswwwyoutubecomwatchvimknhbrkxg",1
"httpswwwyoutubecomwatchvmyfrpagffeatureshare",1
"httpswwwyoutubecomwatchvrurvhbegldefeatureshare",1
"httpswwwyoutubecomwatchvtgdurxmev",1
"httpswwwyoutubecomwatchvvymcjpfhcfeatureshare",1
"httpswwwyoutubecomwatchvzoyklogqswe",1
"httpsyoutubesdoumsrlko",1
"httpwwwpeifduniwrocplelektronikawpdf",1
"hui",1
"humanistycznych",1
"ico",1
"idealna",1
"ideeee",1
"idei",1
"identyczne",1
"identyczny",1
"ideolo",1
"idepomysami",1
"idiota",1
"idiotycznego",1
"idr",1
"idziecie",1
"id藕",1
"igraph",1
"igrpah",1
"igrphem",1
"iii",1
"ikonke",1
"iloczyny",1
"ilosc",1
"imf",1
"impedancja",1
"impedancji",1
"implementowal",1
"implikowac",1
"implikuje",1
"imprez",1
"imprezie",1
"indeksow",1
"index",1
"indukcje",1
"indukcji",1
"indukcj",1
"indziej",1
"infa",1
"inni",1
"innym",1
"instaluje",1
"interesuje",1
"internetach",1
"interpretacje",1
"interpretowalem",1
"into",1
"inwigilacji",1
"in偶",1
"in偶ynier",1
"ioslides",1
"iris",1
"irisem",1
"istotna",1
"isuue",1
"itd",1
"izy",1
"jaca",1
"jacek",1
"jacka",1
"jackiem",1
"jacy",1
"jakakolwiek",1
"jakbys",1
"jakbysmy",1
"jakiegos",1
"jakiej",1
"jakiekolwiek",1
"jakim",1
"jakosci",1
"jakoci",1
"jakkolwiek",1
"jak",1
"jana",1
"janusz",1
"jaram",1
"jasiu",1
"jaska",1
"jasne",1
"jasniej",1
"jasno",1
"jasnosc",1
"jastrzbskim",1
"jave",1
"jebania",1
"jeblem",1
"jebli",1
"jebnal",1
"jebnie",1
"jecha",1
"jechsc",1
"jedenj",1
"jednnostajnie",1
"jednostajna",1
"jednostajnej",1
"jednostkowa",1
"jednoznaczne",1
"jedynce",1
"jedyne",1
"jedynek",1
"jedzenie",1
"jedzeniem",1
"jedzeniu",1
"jedziecie",1
"jedziemy",1
"jemy",1
"jerzego",1
"jerzy",1
"jestes",1
"jestescie",1
"jestemh",1
"jezdziliscie",1
"jezyki",1
"jezykiem",1
"je藕dzi",1
"je偶d偶",1
"join",1
"judo",1
"jutra",1
"juwe",1
"jdra",1
"jzyki",1
"kacem",1
"kalkulacji",1
"kalorii",1
"kamien",1
"kamienice",1
"kamila",1
"kanapy",1
"kanea",1
"kanoniczej",1
"kara",1
"karolkowa",1
"kartce",1
"kartek",1
"kartke",1
"kartk贸wk",1
"kartofli",1
"karty",1
"kar",1
"katalog贸w",1
"katastrofalny",1
"kawalku",1
"kawke",1
"kawk",1
"ka偶da",1
"ka偶dego",1
"ka偶demu",1
"kebab",1
"kebaba",1
"kebsie",1
"kebsik",1
"kiedylkowiek",1
"kiedy",1
"kierwa",1
"kieszeni",1
"kilkoma",1
"kilku",1
"kima",1
"kiwanuka",1
"klasie",1
"klasy",1
"klasycznie",1
"klatce",1
"klatka",1
"klepani",1
"klepie",1
"kliknac",1
"klikniciu",1
"klocilbym",1
"klub",1
"klubem",1
"klubu",1
"kluczowa",1
"kmina",1
"kmini",1
"kminicie",1
"knitr",1
"knitra",1
"know",1
"knows",1
"kocham",1
"kodem",1
"kody",1
"kodzie",1
"kod贸w",1
"kogo",1
"kojarzyem",1
"kolego",1
"kolejce",1
"kolejke",1
"kolejki",1
"kolejnych",1
"kolejnym",1
"kole偶anka",1
"kolokwium",1
"kolorowalny",1
"kolorowanie",1
"kolory",1
"kolosem",1
"kolosow",1
"koluny",1
"kombinacje",1
"kombinatoryki",1
"kombinowa",1
"kompa",1
"kompami",1
"kompie",1
"kompilowalo",1
"kompromitacji",1
"komputerowe",1
"komu",1
"koncercie",1
"koncowke",1
"konczy",1
"kondensatora",1
"kondensatory",1
"konfa",1
"konfie",1
"konfliktow",1
"konfy",1
"konkretnego",1
"konkretny",1
"konsultacje",1
"konta",1
"kopernik",1
"kopernika",1
"kopii",1
"korki",1
"korku",1
"korony",1
"korpo",1
"korzysta",1
"korzysta",1
"kostkami",1
"koszty",1
"kozacka",1
"kozacki",1
"kozak",1
"kozminskiego",1
"koczy",1
"kocz",1
"koc贸wka",1
"kranu",1
"kreski",1
"krk",1
"krok",1
"kroku",1
"krok贸w",1
"kruci",1
"kr贸tkie",1
"ksi偶k",1
"ksztaty",1
"kszysztof",1
"ktoregos",1
"kt贸偶",1
"kucie",1
"kula",1
"kule",1
"kultura",1
"kulturkisportowych",1
"kultury",1
"kup",1
"kupiles",1
"kupilesz",1
"kupione",1
"kupiony",1
"kupi",1
"kupi",1
"kupmy",1
"kupowa",1
"kurwy",1
"ku",1
"kwestiach",1
"kwestie",1
"kwietnia",1
"k贸ko",1
"k贸ku",1
"kt",1
"ktem",1
"labach",1
"labami",1
"labek",1
"labkach",1
"labkow",1
"laboratori贸w",1
"laboratoryjna",1
"laczylem",1
"ladna",1
"ladowke",1
"lambd",1
"lambdy",1
"lanie",1
"lapiecie",1
"lapka",1
"laplacea",1
"laplacian",1
"laplacianeigen",1
"laptopem",1
"lata",1
"latarw",1
"latexa",1
"latexie",1
"learningu",1
"leca",1
"lechia",1
"leclercowi",1
"legendy",1
"legend",1
"leg",1
"lepszej",1
"lepsz",1
"lewe",1
"lewego",1
"lewym",1
"lewyprawy",1
"liczbowym",1
"liczb",1
"licznikiem",1
"liczniku",1
"liczylimy",1
"liczya",1
"liczyem",1
"lifestyle",1
"liga",1
"lige",1
"lineup",1
"linie",1
"linijka",1
"linijke",1
"linijki",1
"link",1
"linkow",1
"link贸w",1
"lipa",1
"lipca",1
"lipschitz",1
"lipszczhiczczichica",1
"lista",1
"lizali",1
"licie",1
"lodowiska",1
"logarytm",1
"logiczny",1
"logiki",1
"logik",1
"logo",1
"lokalizacje",1
"lonc",1
"lotto",1
"lubie",1
"luckner",1
"ludzkim",1
"ludzko",1
"lud藕mi",1
"lunchyk",1
"luuuz",1
"luuz",1
"luzie",1
"ld贸wka",1
"ld贸wke",1
"mac",1
"macha",1
"macham",1
"machine",1
"machnac",1
"machne",1
"machneli",1
"machnij",1
"maclaurina",1
"maila",1
"maire",1
"maju",1
"maj贸wce",1
"makaronu",1
"maksymalnie",1
"mala",1
"maly",1
"mapa",1
"marca",1
"marcele",1
"marceli",1
"marcelo",1
"marcin",1
"marcu",1
"marek",1
"mariusz",1
"marnuje",1
"marudzil",1
"marudzila",1
"masykabla",1
"matematyczne",1
"matematycznie",1
"material",1
"materialy",1
"materiaach",1
"materiaami",1
"mateusza",1
"mateuszem",1
"matiemu",1
"matrix",1
"mavierz",1
"maxa",1
"maybe",1
"maa",1
"mae",1
"mclaren",1
"meczenie",1
"meczowe",1
"meczyc",1
"meczylem",1
"meeeega",1
"melem",1
"mened偶erowie",1
"mergesorted",1
"metod",1
"metode",1
"metodologie",1
"metody",1
"metoo",1
"metrem",1
"metroautobus",1
"metryk",1
"mfw",1
"mhmm",1
"mhmmmm",1
"mial",1
"mialby",1
"mianownik",1
"miare",1
"miasta",1
"miasto",1
"miay",1
"michael",1
"miche",1
"miejscowo",1
"mielismy",1
"miescie",1
"miesic",1
"mieszane",1
"mieszkania",1
"mieszkaniu",1
"miecie",1
"mija",1
"mijali",1
"mikoaja",1
"miles",1
"milesa",1
"minimum",1
"miniowka",1
"mini贸wk",1
"mint",1
"minusami",1
"minusy",1
"minut",1
"min",1
"mistrz贸w",1
"miunt",1
"midzyczasie",1
"mloda",1
"mnemotechniczna",1
"mnn",1
"mnozenia",1
"mnozenie",1
"mno偶enia",1
"mn贸stwo",1
"moc",1
"model",1
"mogl",1
"moglem",1
"mogli",1
"mogo",1
"mogoby",1
"moment",1
"moneta",1
"mood",1
"mordzie",1
"morgena",1
"morgenem",1
"mow",1
"mowic",1
"mowienia",1
"mowila",1
"mowiliscie",1
"mozg",1
"mozgu",1
"mo偶ecie",1
"mo偶liwoci",1
"mo偶liwych",1
"mrugnicia",1
"multizbiory",1
"murawie",1
"musialy",1
"musia",1
"musiaa",1
"musiay",1
"musieli",1
"myk",1
"myli",1
"mylila",1
"myslales",1
"myslec",1
"myslisz",1
"myszki",1
"mylales",1
"mylicie",1
"mylisz",1
"myl",1
"mzoesz",1
"m贸c",1
"m贸gbym",1
"m贸w",1
"m贸zgu",1
"mdroci",1
"mdrociami",1
"mdro",1
"nadziej",1
"nagraem",1
"najblizszych",1
"najchetniej",1
"najebany",1
"najebia",1
"najebie",1
"najlepszego",1
"najlepszej",1
"najlepszy",1
"najlepszym",1
"najmniejsza",1
"najmniejszy",1
"najmniejszych",1
"najmniejszym",1
"najtasze",1
"najwa偶niejsze",1
"najwczeniej",1
"najwidoczniej",1
"najwicej",1
"najwikszych",1
"najwyzszej",1
"nale偶ao",1
"nale偶",1
"naokoo",1
"napieciowego",1
"napieciowemu",1
"napierdalac",1
"napisanie",1
"napisany",1
"napisae",1
"napiszesz",1
"napi",1
"napicie",1
"napiciu",1
"napol",1
"naprawio",1
"naraazie",1
"narodowcy",1
"narodowy",1
"naros",1
"narosa",1
"nart",1
"narte",1
"narysowalem",1
"narysowales",1
"narysowa",1
"narysujemy",1
"nastawiony",1
"nastepna",1
"nastepne",1
"nastroju",1
"nastpne",1
"nastpnego",1
"nastpny",1
"naszym",1
"naturalny",1
"nauce",1
"nauczyembez",1
"nauka",1
"naukowy",1
"nauk",1
"nawiasami",1
"nawizujacy",1
"nazwy",1
"nazywaa",1
"nedzy",1
"net",1
"neuer",1
"neurony",1
"nevermind",1
"newton",1
"next",1
"nice",1
"nichuja",1
"nieciekawie",1
"nieczytelne",1
"niedzieli",1
"niedziel",1
"nieeee",1
"nieeeee",1
"nieglupi",1
"niejednostajnie",1
"niekonicznie",1
"niekorych",1
"niekt贸re",1
"niekt贸rzy",1
"niemcu",1
"niemieckiego",1
"niemieckim",1
"niemo偶liwe",1
"nieobliczalna",1
"nieograniczona",1
"niepasujce",1
"niepewne",1
"nieplanarnosc",1
"nieplanarno",1
"niepojete",1
"niepojte",1
"nieprzewidywalny",1
"nieprzyswajalne",1
"niernosc",1
"nierowno",1
"nierownosci",1
"nier贸wne",1
"nier贸wno",1
"nieskonczonosc",1
"nieskoczono",1
"niestabilne",1
"nieustalonymi",1
"niewazne",1
"niewa偶ne",1
"niezawodno",1
"niezdane",1
"niezli",1
"nigdzie",1
"niski",1
"ni偶ej",1
"nocke",1
"nokaut",1
"non",1
"normach",1
"normalna",1
"normalne",1
"normalnym",1
"normy",1
"norweskie",1
"nosem",1
"notatkach",1
"nouera",1
"nowych",1
"nowym",1
"now",1
"no偶nej",1
"nudzilo",1
"nudzio",1
"null",1
"n贸偶ki",1
"oarami",1
"obczajal",1
"obczajamy",1
"obczajaem",1
"obecna",1
"obecnoci",1
"obejrzal",1
"obejrzales",1
"obejrzaem",1
"obejrzec",1
"obejrze",1
"obejrzymy",1
"obiad",1
"obiciem",1
"obierak",1
"obil",1
"objectem",1
"obliczania",1
"obliczenia",1
"obojtnie",1
"obracaleem",1
"obrazkach",1
"obraem",1
"obrona",1
"obrzydl",1
"obskoczyc",1
"obszar",1
"obud藕",1
"obwod",1
"obwodu",1
"obwody",1
"obw贸d",1
"obydwu",1
"ocenki",1
"oceny",1
"ochot",1
"oczywiscie",1
"oczywiste",1
"odbebnic",1
"odbije",1
"odcinkow",1
"odczuwam",1
"odczyta",1
"oddzielne",1
"oddzielnie",1
"ode",1
"odejmujemy",1
"odejmujesz",1
"odjabym",1
"odjebal",1
"odjebalo",1
"odj",1
"odkryje",1
"odkrylem",1
"odkrylimy",1
"odleglosciach",1
"odlegoci",1
"odpada",1
"odpad",1
"odpaliles",1
"odpalisz",1
"odpali",1
"odpaliem",1
"odpisa",1
"odpisywaem",1
"odplynac",1
"odpoczac",1
"odpowiednia",1
"odpowiednie",1
"odpowiedzi",1
"odpowiedz",1
"odprowadzilem",1
"odpuscilismy",1
"odpusuje",1
"odpuciem",1
"odrzucam",1
"odslucham",1
"odsprzeda",1
"odwoaa",1
"odwracalny",1
"odwracanie",1
"odwraca",1
"odwrot",1
"odwrotnej",1
"odwr贸t",1
"ogarneles",1
"ogarniac",1
"ogarnialem",1
"ogarniali",1
"ogarniamy",1
"ogarnianie",1
"ogarnia",1
"ogarniaem",1
"ogarniecia",1
"ogarniecie",1
"ogarniem",1
"ogarniete",1
"ogarnij",1
"ogarnicia",1
"ogarnicie",1
"ogladalem",1
"ogladasz",1
"ogldam",1
"ograli",1
"ogrania",1
"ograniczasz",1
"ograniczenia",1
"ograniczenie",1
"ograniczona",1
"ograniczone",1
"og贸lnych",1
"og贸em",1
"ojebalem",1
"oka",1
"okazuje",1
"oka偶e",1
"okiem",1
"okienko",1
"oko",1
"okolice",1
"okopowej",1
"okreslil",1
"okreslona",1
"okreslone",1
"okreli",1
"omawia",1
"omggg",1
"ominelismy",1
"oooooo",1
"opcjonalnie",1
"opierdalam",1
"opini",1
"opis",1
"opisem",1
"opisujcych",1
"opisywanie",1
"opisywa",1
"opisz",1
"oponikami",1
"opor",1
"opornika",1
"oporniki",1
"opornikiem",1
"opowiada",1
"opowiedzial",1
"opracowanie",1
"opr贸cz",1
"opserwcjami",1
"optymalny",1
"op贸藕nienie",1
"op贸藕nieniem",1
"op贸藕nionego",1
"orange",1
"orlen",1
"orliku",1
"orzo",1
"osiagal",1
"osiga",1
"osignem",1
"osobnej",1
"ospala",1
"ostatecznie",1
"ostatnia",1
"ostrzegam",1
"oszczedza",1
"oszukane",1
"oszukujmy",1
"otrzymasz",1
"otrzyma",1
"otwarta",1
"otwarty",1
"otwieralo",1
"otworzyc",1
"out",1
"output",1
"oznaczaja",1
"oznacza",1
"paaanie",1
"paanie",1
"paczkach",1
"padaka",1
"pajonkiem",1
"pakiet",1
"pakietu",1
"pakiety",1
"pale",1
"pali",1
"palnik",1
"pamieci",1
"pamietales",1
"pamici",1
"pamita",1
"panasiuk",1
"pani",1
"panuje",1
"par",1
"parametrach",1
"parami",1
"pasowa",1
"pasowa",1
"patola",1
"patologia",1
"patrzylem",1
"pawlowsk",1
"pawem",1
"pawowi",1
"paacem",1
"pae",1
"pdf",1
"pdfie",1
"pdmergevalublebadgesusersleftonuseridrightonid",1
"pdu",1
"peaky",1
"pepsi",1
"perfekcyjny",1
"permutacje",1
"permutacji",1
"peron",1
"perspektywy",1
"pewnego",1
"pewnych",1
"peen",1
"penymi",1
"pfff",1
"pic",1
"pieczywa",1
"pieknie",1
"pierdoleeeeeeeee",1
"pierdolony",1
"pierdolonym",1
"pierodle",1
"pierodli",1
"pierwiastkiem",1
"pierwotnie",1
"pierwszej",1
"pierwszw",1
"pijalnia",1
"pijany",1
"pijemy",1
"pijesz",1
"pikniku",1
"pilkarze",1
"pilki",1
"pilnowa",1
"pinezka",1
"pioootrek",1
"piosence",1
"piosenke",1
"piosenki",1
"piotrek",1
"piotrka",1
"piotrze",1
"pisal",1
"pisania",1
"pisa",1
"pisaa",1
"pisza",1
"piszemy",1
"piszesz",1
"pisz",1
"piwa",1
"pizdu",1
"piteczk",1
"pitka",1
"pi",1
"pikne",1
"pi",1
"piki",1
"plac",1
"plamy",1
"planach",1
"planarny",1
"planowa",1
"planu",1
"planuje",1
"planujesz",1
"ple",1
"plecak",1
"pliki",1
"pliku",1
"plotkami",1
"pluje",1
"plusy",1
"plu",1
"pobli偶u",1
"pochodn",1
"pocig",1
"poczatkowym",1
"poczekal",1
"poczekam",1
"poczt贸wkach",1
"poczuem",1
"poczytaem",1
"pocztek",1
"pocztkujcych",1
"podaj",1
"poda",1
"podbic",1
"podbija",1
"podbija",1
"podbudowac",1
"poddawa",1
"podejrzewam",1
"podeslabys",1
"podeslalem",1
"podesle",1
"podeslesz",1
"podesae",1
"podele",1
"podelesz",1
"podjad",1
"podkrecimy",1
"podkadu",1
"podmienia",1
"podmienie",1
"podniesiony",1
"podnie",1
"podnie",1
"podobaa",1
"podobna",1
"podobny",1
"podpitemu",1
"podpity",1
"podpowiada",1
"podpowiedzia",1
"podpowied藕",1
"podpunkty",1
"podpytalem",1
"podrasuje",1
"podrecznikowy",1
"podrzuc",1
"podstawe",1
"podstawiasz",1
"podstawic",1
"podstawisz",1
"podsumowujc",1
"podsylales",1
"podsylam",1
"podw贸jne",1
"podw贸jnej",1
"podzbiory",1
"podzbior贸w",1
"podzial",1
"podzia",1
"podzielic",1
"podzielnosc",1
"podzikowa",1
"podzikuj",1
"podogi",1
"podczeniu",1
"pogadaem",1
"pogody",1
"pogorszyo",1
"pograc",1
"poinformowania",1
"pojawio",1
"pojde",1
"pojechane",1
"pojedyncza",1
"pojedyncze",1
"pojezdzone",1
"pokazalbys",1
"pokazanym",1
"pokaza",1
"pokaze",1
"pokazesz",1
"pokazujac",1
"pokazujesz",1
"pokazywac",1
"poka偶",1
"poka偶emy",1
"pokminie",1
"pokr贸tce",1
"pok贸j",1
"pokada",1
"polach",1
"polaka",1
"polecen",1
"polegao",1
"polibuda",1
"policz",1
"policzy",1
"policzylbym",1
"policzy",1
"policzye",1
"politechniki",1
"polskie",1
"polskiego",1
"pomaga",1
"pomeczyc",1
"pomiedzy",1
"pomiesza",1
"pomocnicz",1
"pomocy",1
"pomo偶e",1
"pompeczki",1
"pompowal",1
"pomysl",1
"pomysle",1
"pomyslu",1
"poniedzialek",1
"poniedzialki",1
"poniedziaku",1
"poni偶ej",1
"popatrzyem",1
"popity",1
"popracowac",1
"poprawa",1
"poprawi",1
"poprawia",1
"poprawiam",1
"poprawieniu",1
"poprawione",1
"poprawi",1
"poprawi",1
"poprawia",1
"poprawio",1
"poprawke",1
"poprawkowego",1
"poprawne",1
"poprzedni",1
"poprzednia",1
"poprzednich",1
"poprzedniego",1
"poprzednim",1
"poprzedni",1
"popsuo",1
"pora",1
"porad",1
"poradzi",1
"porawkowe",1
"porcie",1
"porobi",1
"porobi",1
"porownanie",1
"porownuje",1
"porownywania",1
"porusza",1
"poruszay",1
"por贸wnam",1
"por贸wnania",1
"por贸wnujc",1
"por贸wnywa",1
"pos",1
"posiada",1
"posklada",1
"poskladalo",1
"poskada",1
"posprawdzam",1
"posta",1
"postaci",1
"posta",1
"postep",1
"postges",1
"postgresa",1
"postsqueryposttypeid",1
"posucha",1
"poszedlem",1
"poszla",1
"poszlo",1
"poszperam",1
"poszukam",1
"poszuka",1
"posucha",1
"potanczone",1
"potegi",1
"potencja",1
"potrzebujemy",1
"potrzebuj",1
"potzebujemy",1
"pot偶ne",1
"powazna",1
"powa偶na",1
"powa偶ne",1
"powa偶ni",1
"powa偶nie",1
"powa偶ny",1
"powidziec",1
"powie",1
"powiedziales",1
"powiedzia",1
"powiedziabym",1
"powiedziae",1
"powiedzmy",1
"powiniene",1
"powinnimy",1
"powodzenia",1
"powodzonka",1
"powrocik",1
"powrotem",1
"powr贸t",1
"powtarza",1
"powtarzasz",1
"powtarzaem",1
"powtorze",1
"powtorzeniowe",1
"powt贸rki",1
"powt贸rzy",1
"powyzszym",1
"powy偶ej",1
"poyrzebujesz",1
"pozby",1
"poziomy",1
"poznasz",1
"pozniej",1
"pozno",1
"pozory",1
"pozostale",1
"pozostanie",1
"pozwoliem",1
"pozw贸lcie",1
"powicze",1
"pocigane",1
"polizgiem",1
"po偶yteczne",1
"pppppd",1
"praca",1
"prace",1
"pracodawcy",1
"pracujacy",1
"prac",1
"prad",1
"pradowego",1
"praktyce",1
"praktyczniejsze",1
"prawdopodobienstwo",1
"prawdziwa",1
"prawdziwe",1
"prawe",1
"prawidlowo",1
"prawidowe",1
"prawidowo",1
"prawylewy",1
"prawym",1
"praw",1
"prelekcji",1
"presji",1
"print",1
"priorytety",1
"problemu",1
"problem贸w",1
"proboje",1
"probowalem",1
"probuje",1
"prof",1
"proffessional",1
"prognoza",1
"program",1
"projektowej",1
"projektu",1
"promie",1
"proofwiki",1
"propsuje",1
"prostszy",1
"prosty",1
"prototyp",1
"prowadzi",1
"prowadzcych",1
"prociej",1
"prsotu",1
"pruj",1
"prul",1
"prula",1
"prym",1
"przechodniosci",1
"przechodzi",1
"przechodz",1
"przechodzce",1
"przeciwko",1
"przeciwnym",1
"przeczytac",1
"przedmioty",1
"przedpokoju",1
"przedstawi",1
"przedwczoraj",1
"przedzial",1
"przedzia",1
"przegralimy",1
"przegra",1
"przegrywa",1
"przejdzie",1
"przejd",1
"przejd",1
"przejebac",1
"przejmuje",1
"przejscia",1
"przekonales",1
"przekonany",1
"przekonaes",1
"przekonuja",1
"przekonujesz",1
"przekonywa",1
"przeksztalcina",1
"przeksztacenie",1
"przektna",1
"przeleje",1
"przelejemy",1
"przelicze",1
"przelozmy",1
"przemawia",1
"przemno偶",1
"przemyslec",1
"przemyle",1
"przenieli",1
"przenie",1
"przeni贸s",1
"przenosimy",1
"przeoczyem",1
"przepchac",1
"przepisala",1
"przepisalem",1
"przepisem",1
"przepisie",1
"przepisywanie",1
"przepolawiac",1
"przepolowil",1
"przepolowilem",1
"przepolowiles",1
"przepolowilo",1
"przepolowione",1
"przepytalem",1
"przerabiam",1
"przerobic",1
"przerobi",1
"przerobke",1
"przerwa",1
"przerwy",1
"przerywal",1
"przeskoczenia",1
"przeslucham",1
"przespaem",1
"przestaa",1
"przesunac",1
"przesuniecie",1
"przesuniemy",1
"przesun",1
"przesuwac",1
"przesuwalem",1
"przesyaem",1
"przesza",1
"przesanych",1
"przesuchac",1
"przesucham",1
"przesucha",1
"przetrawie",1
"przetworzyc",1
"przewiduj",1
"przewidywaniami",1
"prze偶ycia",1
"przkatnej",1
"przpomniao",1
"przybajmniej",1
"przybrales",1
"przychodzenie",1
"przychodzicxd",1
"przydal",1
"przydatne",1
"przydaby",1
"przygod",1
"przygotowane",1
"przygotowania",1
"przygotowaniach",1
"przygotowanych",1
"przygotowawczych",1
"przygotowa",1
"przygotowuje",1
"przyjad",1
"przyjda",1
"przyjd",1
"przyjd藕",1
"przyje偶d偶a",1
"przyje偶d偶asz",1
"przyjme",1
"przyjmowales",1
"przyjmuje",1
"przyjrzaem",1
"przyjciu",1
"przykladowe",1
"przykladzik",1
"przykadu",1
"przykadzie",1
"przykad贸w",1
"przypadkiem",1
"przypadku",1
"przypadk贸w",1
"przypa",1
"przypisal",1
"przypomni",1
"przypomniaem",1
"przypomniao",1
"przypomn",1
"przyps",1
"przysiade",1
"przystanki",1
"przyswajam",1
"przysypial",1
"przyszed",1
"przyszy",1
"przyznam",1
"pr贸bowa",1
"pr贸buj",1
"pr贸g",1
"prdowy",1
"pstwo",1
"puchar",1
"pucharze",1
"puchar贸w",1
"pudelku",1
"pudo",1
"pull",1
"pultaja",1
"punkcie",1
"punkcik",1
"punktacji",1
"punktami",1
"punktow",1
"punktowanego",1
"punktowanych",1
"punktowe",1
"puscilem",1
"pussczasz",1
"puszczalem",1
"puszczam",1
"pwg",1
"pykac",1
"pyklo",1
"pyknac",1
"pyko",1
"pyszny",1
"pytaj",1
"pytal",1
"pytalem",1
"pytales",1
"pytan",1
"pytaniami",1
"pytanka",1
"pytaem",1
"pyta",1
"pzze",1
"p贸jdzie",1
"p贸ki",1
"p贸fina",1
"p贸finay",1
"p贸ci",1
"pyt",1
"quale",1
"qyburna",1
"rachunki",1
"rachunku",1
"racje",1
"racj",1
"racounters",1
"rade",1
"radzi",1
"rallycross",1
"ramki",1
"ramk",1
"rand",1
"randa",1
"random",1
"randomowe",1
"raporcie",1
"raportu",1
"rcosrsin",1
"reakcja",1
"realem",1
"realu",1
"redukcyjnych",1
"referencje",1
"regeneracja",1
"regulaminie",1
"regular",1
"regua",1
"rejestracja",1
"relacje",1
"relaks",1
"repra",1
"reprezentacji",1
"repry",1
"requesta",1
"research",1
"restauracji",1
"reszty",1
"returna",1
"returny",1
"rezerwacji",1
"rezerwowa",1
"rezultacie",1
"rezultaty",1
"riff",1
"rival",1
"riviera",1
"rivierze",1
"robert",1
"roberta",1
"robicie",1
"robilismy",1
"robia",1
"rockowy",1
"rodaka",1
"rodzi",1
"rosnca",1
"roszkowsk",1
"router",1
"router贸w",1
"rownania",1
"rownaniach",1
"rowno",1
"rownoleglych",1
"rownosci",1
"rownoznaczne",1
"royal",1
"rozbic",1
"rozbiega",1
"rozbiegac",1
"rozbije",1
"rozbudowa",1
"rozdrabniac",1
"rozdrabniaj",1
"rozgrywajcego",1
"rozign",1
"rozjezdza",1
"rozkminie",1
"rozkminilem",1
"rozmiar",1
"rozmowy",1
"rozna",1
"rozniczkowalne",1
"rozniczkowaniem",1
"roznych",1
"roznymi",1
"rozpaczliwie",1
"rozpatruje",1
"rozpierdalali",1
"rozpierdolil",1
"rozpisac",1
"rozpisales",1
"rozpisanego",1
"rozpisaem",1
"rozpisujesz",1
"rozpdza",1
"rozr贸偶niam",1
"rozstrzelone",1
"rozumiesz",1
"rozumie",1
"rozumowalem",1
"rozumowanie",1
"rozwazasz",1
"rozwazenia",1
"rozwa偶ajc",1
"rozwa偶alimy",1
"rozwa偶amy",1
"rozwa偶asz",1
"rozwa偶y",1
"rozwiazal",1
"rozwiazalismy",1
"rozwiazaniem",1
"rozwiazywal",1
"rozwijanie",1
"rozwizane",1
"rozwizania",1
"rozwizanie",1
"rozwiza",1
"rozwizuje",1
"rozwizywania",1
"rozwizywanie",1
"ruiz",1
"rund",1
"russela",1
"russelowi",1
"rusza",1
"ruszac",1
"ruszylimy",1
"ryj",1
"rysunku",1
"rzeczami",1
"rzuca",1
"rzucilem",1
"rzucilo",1
"rzut",1
"rzutach",1
"rzutow",1
"rzutowac",1
"rzd",1
"r贸wnania",1
"r贸wno",1
"r贸wnowa偶ne",1
"r贸wno",1
"r贸偶nica",1
"r贸偶nic",1
"r贸偶nie",1
"r贸偶ni",1
"rk",1
"sali",1
"sami",1
"samowystarczalny",1
"samozdawalne",1
"samozdawalnechujowe",1
"samych",1
"samym",1
"sasiadow",1
"sasiaduje",1
"sasiedztwa",1
"scenariusz",1
"scenografii",1
"schemacik",1
"schodze",1
"schodz",1
"schwarz",1
"scinasz",1
"scjento",1
"score",1
"screeny",1
"sektor",1
"sektorach",1
"sektory",1
"sekund",1
"sekund",1
"semestru",1
"semie",1
"sensownego",1
"serial",1
"services",1
"serwera",1
"serwer贸w",1
"serwus",1
"sesja",1
"sesji",1
"sesj",1
"sezonem",1
"sezonie",1
"sformulowana",1
"sgh",1
"shiny",1
"shit",1
"shot",1
"siadal",1
"siadam",1
"siadlem",1
"siadlo",1
"siadze",1
"siata",1
"siate",1
"siatke",1
"siatkowce",1
"sieci",1
"sieciachdr",1
"sieciowymi",1
"siedmiogrodzka",1
"siedze",1
"siedziaes",1
"siedziaole偶aoitd",1
"siedzie",1
"siedz",1
"siemano",1
"sierpniu",1
"silnia",1
"simru",1
"sin",1
"singla",1
"single",1
"singlu",1
"sinusem",1
"sirius",1
"sirobal",1
"sidzie",1
"si",1
"sjo",1
"skaka",1
"skalowalno",1
"skilla",1
"skladzie",1
"sklepu",1
"skminie",1
"skminimy",1
"skomplikowany",1
"skomplikowanych",1
"skoncze",1
"skopalem",1
"skoczona",1
"skoczy",1
"skoczyli",1
"skoczymy",1
"skoczyes",1
"skraca",1
"skracaja",1
"skrecony",1
"skreli",1
"skrocily",1
"skrypcik",1
"skryptu",1
"skr贸ci",1
"skubany",1
"skupien",1
"skupienia",1
"skwituje",1
"skadowa",1
"slabizna",1
"slajd",1
"slajdem",1
"slajdow",1
"slajdzie",1
"slashami",1
"slucham",1
"sluchasz",1
"smigac",1
"smucic",1
"smuteczek",1
"snu",1
"soczyste",1
"solidne",1
"solidnym",1
"solo",1
"sons",1
"sopy",1
"sory",1
"spali",1
"spamu",1
"specjalnego",1
"specyfikacja",1
"specyfik",1
"spektralnego",1
"spelnia",1
"spenia",1
"spenione",1
"spierdala",1
"spierdalasz",1
"spierdolil",1
"spierdolone",1
"spina",1
"spiny",1
"spis",1
"spisal",1
"spitego",1
"spodobaimy",1
"spodziewa",1
"spodziewa",1
"spogladalismy",1
"spoilerow",1
"spoilerujesz",1
"spojrzalem",1
"spojrzy",1
"spokoj",1
"spoooko",1
"spora",1
"sportowe",1
"sposobie",1
"sposoby",1
"spotkac",1
"spotkalem",1
"spotkania",1
"spozniajacymi",1
"spozywasz",1
"spo偶ycie",1
"sprawaa",1
"sprawdzalismy",1
"sprawdzianik",1
"sprawdz",1
"sprawd藕",1
"sprawka",1
"sprawnie",1
"spraw",1
"sprobowalem",1
"sprobuje",1
"sprzecznoci",1
"sprztu",1
"spr贸bowa",1
"spr贸bowa",1
"spr贸buj",1
"spychasz",1
"spytac",1
"spyta",1
"sredni",1
"srednich",1
"staaarym",1
"stabilnoci",1
"stabilny",1
"stacje",1
"stacji",1
"stadionie",1
"stamatd",1
"stanach",1
"stanami",1
"standardowo",1
"standardow",1
"stanelo",1
"staraem",1
"starcza",1
"starczy",1
"starym",1
"statystki",1
"statystycznie",1
"stawiam",1
"stawianie",1
"staa",1
"stao",1
"sterczy",1
"stodole",1
"stoi",1
"stoj",1
"stolik",1
"stop",1
"stornie",1
"stosuje",1
"stosunek",1
"str",1
"stracie",1
"stracone",1
"straty",1
"streama",1
"streamami",1
"streamow",1
"stres",1
"stresujesz",1
"stringa",1
"stringi",1
"strokes",1
"strone",1
"stronie",1
"strzela",1
"stst",1
"studentow",1
"stwierdzi",1
"stwierdzilem",1
"stwierdzi",1
"stworzy",1
"stworzye",1
"stycznia",1
"styczno",1
"stykaja",1
"styl",1
"std",1
"sugeruje",1
"sugerujesz",1
"sugeruj",1
"sukces贸w",1
"sumaich",1
"sume",1
"sumienie",1
"sumuja",1
"superpozycja",1
"survay",1
"swiry",1
"syf",1
"sylwek",1
"sylwestra",1
"system",1
"sytuacje",1
"sytuacji",1
"szafie",1
"szama",1
"szanuje",1
"szatni",1
"szaty",1
"szau",1
"szczeerze",1
"szczegolnie",1
"szczesny",1
"szczycie",1
"szczcie",1
"szczciem",1
"szed",1
"szefu",1
"szeregi",1
"szeregow",1
"szeregu",1
"szecian",1
"szoku",1
"szuka",1
"szukam",1
"szukania",1
"szuka",1
"szuka",1
"szukae",1
"szybki",1
"szybkie",1
"s贸w",1
"sdz",1
"ssiedzi",1
"saba",1
"sabi",1
"sabszy",1
"sodki",1
"suchaem",1
"s贸w",1
"taaaa",1
"taak",1
"tablicy",1
"takei",1
"takimi",1
"taktycznie",1
"taktyczny",1
"tak",1
"tamte",1
"tamtej",1
"tamtemu",1
"tamten",1
"tamtym",1
"tanich",1
"targi",1
"tbk",1
"teamy",1
"technicznych",1
"telefon",1
"telefonem",1
"telefonie",1
"telefonu",1
"tematu",1
"tematyczne",1
"temat贸w",1
"teog",1
"teoria",1
"teorie",1
"terenu",1
"termin",1
"terminy",1
"testem",1
"testujesz",1
"testy",1
"tia",1
"tie",1
"tiebraeku",1
"tka",1
"tknelem",1
"tko",1
"tle",1
"tmpdropduplicatesresetindexdroptrue",1
"tmpgroupbynamesizeresetindex",1
"tmpnametolist",1
"tmpquerycount",1
"tmprenamecolumnscount",1
"tomka",1
"topowych",1
"torcia",1
"toru",1
"tosterze",1
"totalny",1
"towrz",1
"to偶samo",1
"tradycyjnie",1
"trafi",1
"trafie",1
"trafil",1
"trafi",1
"trafiem",1
"trafnie",1
"tragedii",1
"tragiczny",1
"tramem",1
"tramwaj",1
"tramwaje",1
"transponowaniem",1
"transport",1
"tranzystor",1
"tranzystorow",1
"trasa",1
"trasach",1
"tras",1
"trattoria",1
"trawe",1
"trawniku",1
"trefl",1
"treningu",1
"tresc",1
"tresci",1
"tre",1
"trik",1
"trojkat",1
"trudna",1
"trudniejsze",1
"trudniejszy",1
"true",1
"truje",1
"truskaweczka",1
"trza",1
"trzech",1
"trzymao",1
"tr贸jki",1
"tu偶",1
"twierdzeniem",1
"twierdzi",1
"twoimi",1
"twojego",1
"twoj",1
"tworzenie",1
"tworzyc",1
"tworzysz",1
"tyllo",1
"tymczasem",1
"typka",1
"typo",1
"typowego",1
"typowo",1
"typy",1
"tytuowej",1
"ta",1
"tem",1
"uber",1
"uberach",1
"uberek",1
"ubieram",1
"ubra",1
"uciesz",1
"ucz",1
"uczczenia",1
"uczelnia",1
"uczeszczalem",1
"uczucia",1
"uczy",1
"uczyc",1
"uczyles",1
"uczymy",1
"uczynic",1
"uczy",1
"udalo",1
"uda",1
"udao",1
"udostpnij",1
"udowadnialo",1
"udowodnilem",1
"ufam",1
"ugra",1
"ugryzc",1
"ujac",1
"ujemne",1
"ujemny",1
"ujmujc",1
"ujcia",1
"ulubione",1
"umawialimy",1
"umie",1
"umiec",1
"umiejtnoci",1
"umiemy",1
"umie",1
"umila",1
"upada",1
"uposledzony",1
"upoledzone",1
"upraszczalo",1
"uproscily",1
"ups",1
"urywaja",1
"urywal",1
"urzadza",1
"urzdzeniami",1
"userid",1
"usersage",1
"usersdisplayname",1
"usersid",1
"userslocation",1
"usersreputation",1
"usiadem",1
"usos",1
"uspojniam",1
"uspojnieniu",1
"uspojnony",1
"ustalmy",1
"ustawienia",1
"ustawieniami",1
"ustawi",1
"usunem",1
"usuwac",1
"usuwaj",1
"usuwania",1
"usysze",1
"utklem",1
"utkniesz",1
"utlnalem",1
"utozsamiles",1
"utrzyma",1
"uuuu",1
"uwaga",1
"uwage",1
"uwagi",1
"uwali",1
"uwali",1
"uwazasz",1
"uwa偶asz",1
"uwielbiam",1
"uwierzy",1
"uwierz",1
"uwzgldnia",1
"uwzgldniem",1
"uzasadni",1
"uziemienia",1
"uznaje",1
"uznalem",1
"uzna",1
"uzywales",1
"uzywania",1
"uo偶y",1
"u偶ywaem",1
"u偶y",1
"valuablebadges",1
"valuablebadgesuseridusersid",1
"valublebadgesnameuserid",1
"valublebadgesqueryclass",1
"vegan",1
"ver",1
"veturillo",1
"vol",1
"votesqueryvotetypeid",1
"wage",1
"wahaja",1
"wakacjach",1
"walczy",1
"walczyem",1
"walcz",1
"wali",1
"wali",1
"walka",1
"warning",1
"warning贸w",1
"warszawa",1
"wart",1
"wartosc",1
"wartosciowego",1
"wartociowych",1
"warun",1
"warunku",1
"warunk贸w",1
"waszej",1
"watpie",1
"wawa",1
"wazne",1
"wazniejszy",1
"wa偶na",1
"wa偶niejszy",1
"wa偶ny",1
"wbiega",1
"wbijamy",1
"wbija",1
"wbili",1
"wbi",1
"wchodzili",1
"wchodzisz",1
"wchodzia",1
"wchodz",1
"wchodzc",1
"wchodz",1
"wciskam",1
"wczenie",1
"wczesnie",1
"wczesniej",1
"wczesniejsze",1
"wczenie",1
"wczeniejszej",1
"wczeniejszy",1
"wczytania",1
"wczytywac",1
"wdzieczny",1
"wdziczny",1
"web",1
"wedle",1
"wedlug",1
"weekendem",1
"weekendu",1
"wejdzie",1
"wejscia",1
"wejsciowej",1
"wejciem",1
"wej",1
"wektor",1
"wektorach",1
"weszo",1
"weszy",1
"wewnetrzne",1
"wewntrz",1
"wez",1
"wezme",1
"wezm",1
"we藕mie",1
"we藕my",1
"wfu",1
"whats",1
"wiadomych",1
"widac",1
"widzi",1
"widziaaaaalem",1
"widziales",1
"wiedza",1
"wiedzial",1
"wiedzialem",1
"wiedzia",1
"wiedziec",1
"wieeem",1
"wiekszosc",1
"wielkoci",1
"wielomian贸w",1
"wielowarstowa",1
"wiemy",1
"wierse",1
"wierszy",1
"wierzcholka",1
"wierzcholkach",1
"wierzymy",1
"wikeszy",1
"wiki",1
"wilanowska",1
"williams",1
"wilsona",1
"wiresharka",1
"wirtualkami",1
"wis",1
"witek",1
"wikszego",1
"wikszych",1
"wjezdzaja",1
"wjezdzajac",1
"wklejacie",1
"wkurwia",1
"wkurwiaj",1
"wkurwiam",1
"wkurwiony",1
"wkurza",1
"wlaczenwylaczen",1
"wlacznik",1
"wlasna",1
"wlasne",1
"wleci",1
"wliczyc",1
"wniosku",1
"wnosiy",1
"wnosz",1
"wnoszce",1
"wodeczce",1
"wodeczkach",1
"wodeczke",1
"wody",1
"wojciechowski",1
"wojtkiem",1
"wolaem",1
"wolfram",1
"wolframie",1
"wolno",1
"wolnym",1
"woooo",1
"workiem",1
"wop",1
"wpadaj",1
"wpadne",1
"wpad",1
"wpadem",1
"wpado",1
"wpakoawac",1
"wpierdola",1
"wpisaem",1
"wpisuj",1
"wprowadzenia",1
"wpuszcza",1
"wracacie",1
"wracajc",1
"wraca",1
"wraca",1
"wrecking",1
"wroce",1
"wrocic",1
"wrysowac",1
"wrzesien",1
"wrzesniowy",1
"wrzenia",1
"wrzuca",1
"wrzucal",1
"wrzuci",1
"wrzucil",1
"wrzucili",1
"wrzuci",1
"wrzucl",1
"wr贸cilimy",1
"wr贸cisz",1
"wr贸ci",1
"wr贸偶y",1
"wr贸偶",1
"wsiadam",1
"wskazuje",1
"wspominaa",1
"wspomniaa",1
"wsp贸ln",1
"wsp贸czuj",1
"wsp贸czynnik",1
"wsp贸lokator",1
"wsp贸pracy",1
"wstawania",1
"wstawia",1
"wstawiam",1
"wstawia",1
"wsta",1
"wszedzie",1
"wszed",1
"wszelki",1
"wszelkie",1
"wszystkimi",1
"wtracal",1
"wujek",1
"wuktesem",1
"wybieramy",1
"wybierasz",1
"wybierzemy",1
"wybior",1
"wybitnych",1
"wyborow",1
"wybra",1
"wybraem",1
"wyb贸r",1
"wycentrowac",1
"wychodzi",1
"wychod藕",1
"wyciecze",1
"wycignie",1
"wycign",1
"wyczerpany",1
"wydajno",1
"wydarzonku",1
"wydawao",1
"wydrukowaem",1
"wydzia",1
"wydziaowa",1
"wydziaowej",1
"wyglada",1
"wygldaj",1
"wygldaa",1
"wygldao",1
"wygral",1
"wygra",1
"wyjasnic",1
"wyjazdu",1
"wyjanione",1
"wyjani",1
"wyjdziie",1
"wyjd",1
"wyjeba",1
"wyjebaem",1
"wyjechali",1
"wyje偶d偶asz",1
"wyjscia",1
"wyjscie",1
"wyjem",1
"wyjcia",1
"wyjcie",1
"wykaznia",1
"wykazywania",1
"wykladem",1
"wykladu",1
"wyklady",1
"wykladzie",1
"wykladzikiem",1
"wykminiliscie",1
"wykmini",1
"wykmnic",1
"wykoksil",1
"wykoksowane",1
"wykonanego",1
"wykonczyl",1
"wykonuje",1
"wykonywanie",1
"wykres",1
"wykresa",1
"wykresem",1
"wykresik",1
"wykresu",1
"wykresy",1
"wykres贸w",1
"wykadach",1
"wykady",1
"wykad贸w",1
"wylaczyc",1
"wylaczylem",1
"wylatuje",1
"wylicza",1
"wymaganiach",1
"wymiarach",1
"wymie",1
"wymikem",1
"wymnazac",1
"wymowke",1
"wymyslal",1
"wymyslenie",1
"wymysli",1
"wymysliles",1
"wymysliliscie",1
"wymyslilismy",1
"wymyli",1
"wyn",1
"wyncreationdatestrslice",1
"wynie",1
"wynika",1
"wynikami",1
"wynikequalszad",1
"wynikiloclambda",1
"wynikow",1
"wynloccreationdate",1
"wypadek",1
"wypadku",1
"wypchnal",1
"wypeni",1
"wypierdola",1
"wypili",1
"wypisalo",1
"wypisanie",1
"wypisaem",1
"wypluwa",1
"wyprzedzil",1
"wypuszcza",1
"wyrazi",1
"wyrobimy",1
"wyrobi",1
"wyruchaja",1
"wyr贸wnaem",1
"wyr贸偶nia",1
"wyslac",1
"wyslala",1
"wyslalem",1
"wyslales",1
"wysoki",1
"wysoko",1
"wyspac",1
"wystajce",1
"wystarcza",1
"wystarczao",1
"wystarczylo",1
"wystpuje",1
"wysylac",1
"wysylalem",1
"wysylam",1
"wysya",1
"wysyaem",1
"wysyaes",1
"wysyae",1
"wyszedl",1
"wyszedlem",1
"wyszla",1
"wyszly",1
"wysane",1
"wysaniem",1
"wysa",1
"wytycznych",1
"wytumaczenie",1
"wytumaczy",1
"wytumaczy",1
"wywalam",1
"wywalczony",1
"wywnioskowac",1
"wywolujesz",1
"wywoaniach",1
"wyznacznik",1
"wyznaczon",1
"wycigu",1
"wyle",1
"wylij",1
"wyl",1
"wywietlaj",1
"wzgledem",1
"wzgldem",1
"wzgld贸w",1
"wzial",1
"wzialem",1
"wzieles",1
"wzieliscie",1
"wzi",1
"wziem",1
"wzmacniacz",1
"wzor",1
"wzoruje",1
"wzory",1
"wzywa",1
"w贸de",1
"w贸deczka",1
"w贸deczke",1
"w贸dy",1
"wtpi",1
"wtpliwoci",1
"wasnych",1
"waciciela",1
"waciwie",1
"woski",1
"wo偶yem",1
"wczewycze",1
"wcznie",1
"xddddddddddddddddddd",1
"xdddddddddddddddddddddddddddddddd",1
"xddddddddddddddddddddddddddddddddddddddddddddddddddddddddddddddd",1
"xdddx",1
"xrcos",1
"yhym",1
"yrsin",1
"zaakceptowalem",1
"zabawa",1
"zabawie",1
"zabce",1
"zabezpieczyl",1
"zabiegaj",1
"zaboli",1
"zabotuje",1
"zachodu",1
"zachowajmy",1
"zaciskow",1
"zacita",1
"zaczac",1
"zaczniesz",1
"zaczn",1
"zaczynam",1
"zaczynamy",1
"zacz",1
"zacze",1
"zacza",1
"zadan",1
"zadanek",1
"zadanko",1
"zada",1
"zadziaal",1
"zadziaa",1
"zadziaao",1
"zadzwonie",1
"zagadalem",1
"zagadnienia",1
"zagraja",1
"zaingerowac",1
"zainstalowane",1
"zainstalowanego",1
"zainteresowany",1
"zajebala",1
"zajebane",1
"zajebania",1
"zajebie",1
"zajechany",1
"zajecia",1
"zajmiesz",1
"zajmijcie",1
"zajmuje",1
"zajmuj",1
"zaj",1
"zaj",1
"zajo",1
"zakladam",1
"zakrecilo",1
"zakresami",1
"zakupach",1
"zakupy",1
"zakup贸w",1
"zakwalifikowane",1
"zakwasy",1
"zakadam",1
"zakadamy",1
"zakadasz",1
"zakady",1
"zalapiemy",1
"zalatwiles",1
"zalezne",1
"zaleznie",1
"zalezy",1
"zale偶noci",1
"zaliczany",1
"zaliczenia",1
"zaliczenie",1
"zaliczony",1
"zalosnie",1
"zalozenia",1
"zalozneniach",1
"zalozylem",1
"zamienia",1
"zamieni",1
"zamierzam",1
"zamieszanie",1
"zamknietym",1
"zamkn",1
"zamowiona",1
"zamra偶arce",1
"zamykalo",1
"zam贸wi",1
"zapamitam",1
"zapamita",1
"zapamita",1
"zapas",1
"zapelnic",1
"zapewnij",1
"zapierdala",1
"zapiliscie",1
"zapisane",1
"zapisaniu",1
"zapisaem",1
"zapisaes",1
"zapisenego",1
"zapisuje",1
"zapisywac",1
"zapisywane",1
"zapisywania",1
"zapisze",1
"zapoda",1
"zapomnialem",1
"zapomniae",1
"zaprasza",1
"zapraszam",1
"zaprojektowac",1
"zaproponowali",1
"zapuszcze",1
"zapytaj",1
"zapyta",1
"zapaci",1
"zapon",1
"zarcie",1
"zargumentowal",1
"zartuje",1
"zasilania",1
"zaskakujaco",1
"zaspij",1
"zastanawia",1
"zastanawia",1
"zastanowiem",1
"zastepczego",1
"zastepczych",1
"zastpcza",1
"zastpstwo",1
"zasymulowac",1
"zaufalem",1
"zauwazy",1
"zauwa偶cie",1
"zauwa偶ono",1
"zauwa偶ye",1
"zawialo",1
"zawiodles",1
"zawodami",1
"zawodowo",1
"zawodu",1
"zawraca",1
"zawrze",1
"zazdroszcz",1
"zaznaczony",1
"zaatwia",1
"zaatwienie",1
"zaatwion",1
"zacznik",1
"zbadac",1
"zbawienie",1
"zbiegaja",1
"zbiera",1
"zbieralem",1
"zbieralimy",1
"zbieram",1
"zbiera",1
"zbiera",1
"zbierzemy",1
"zbiezne",1
"zbie偶ny",1
"zbiore",1
"zbiorow",1
"zbioru",1
"zbiorze",1
"zblizasz",1
"zbli偶a",1
"zbli偶one",1
"zbytnio",1
"zdac",1
"zdaje",1
"zdalbym",1
"zdales",1
"zdali",1
"zdamy",1
"zdaniami",1
"zdanko",1
"zdarzyo",1
"zdawa",1
"zdazyli",1
"zda",1
"zdaa",1
"zdaes",1
"zda",1
"zdechlo",1
"zdecydowac",1
"zdecydowalimy",1
"zdefiniowali",1
"zdjecia",1
"zdjecie",1
"zdjcie",1
"zdjciu",1
"zdj",1
"zdoby",1
"zdziwiony",1
"zd偶ymy",1
"zd偶yem",1
"zd偶",1
"zebralimy",1
"zebra",1
"zebys",1
"zejdzie",1
"zej",1
"zemsta",1
"zenit",1
"zero",1
"zespol",1
"zespo贸w",1
"zesp贸",1
"zestawu",1
"zeszyt",1
"zeszytu",1
"zeszym",1
"zgadles",1
"zgadnij",1
"zgadza",1
"zgin",1
"zgodnie",1
"zgodze",1
"zgodzimy",1
"zgramy",1
"zgubie",1
"zieleni",1
"zignal",1
"ziom",1
"ziomeczki",1
"ziomki",1
"zjeba",1
"zjedz",1
"zjemy",1
"zjesc",1
"zlapal",1
"zle",1
"zliczam",1
"zliczanko",1
"zlotych",1
"zlozenia",1
"zmiana",1
"zmianie",1
"zmiany",1
"zmieni",1
"zmienial",1
"zmieniam",1
"zmienia",1
"zmieniadodawa",1
"zmienie",1
"zmieniona",1
"zmienisz",1
"zmieni",1
"zmieniem",1
"zmiennego",1
"zmiennej",1
"zmienny",1
"zmniejszam",1
"zmniejszyc",1
"zmniejszyles",1
"zmodyfikowa",1
"zmontowal",1
"zmczysz",1
"znaczki",1
"znajdziemy",1
"znajdziesz",1
"znami",1
"znana",1
"znany",1
"znanym",1
"znaem",1
"zniechexony",1
"znika",1
"zniszczy",1
"zobacz",1
"zobaczyc",1
"zobaczysz",1
"zobaczyem",1
"zobacz",1
"zorientowaem",1
"zostaly",1
"zostanie",1
"zostawa",1
"zostawiamy",1
"zostawiem",1
"zostaa",1
"zpsuo",1
"zrezygnowa",1
"zrezygnujemy",1
"zrob",1
"zrobienia",1
"zrobili",1
"zrobiliscie",1
"zrobimy",1
"zrobiona",1
"zrobionego",1
"zrobi",1
"zrobiby",1
"zrobio",1
"zrobiy",1
"zrodla",1
"zrodlo",1
"zroviles",1
"zrovix",1
"zrozumieniem",1
"zrozumie",1
"zsumuje",1
"zupelnie",1
"zuzia",1
"zwatpilem",1
"zwiazanych",1
"zwierzowi",1
"zwierzta",1
"zwiezle",1
"zwijam",1
"zwineles",1
"zwineliscie",1
"zwolnic",1
"zwrocona",1
"zwroty",1
"zwr贸ci",1
"zwr贸cony",1
"zwr贸c",1
"zwykla",1
"zxxddp",1
"zywy",1
"zapa",1
"ze",1
"zotym",1
"zo偶ono",1
"mio",1
"w",1
"wiczeniowa",1
"wicze",1
"adny",1
"apiemy",1
"askawie",1
"atwe",1
"atwiej",1
"atwo",1
"cz",1
"ciany",1
"lubna",1
"mia",1
"miao",1
"mieszne",1
"miesznej",1
"mieszn",1
"piew",1
"rednie",1
"redniej",1
"rodka",1
"rodku",1
"rody",1
"wiat",1
"wietny",1
"wie偶y",1
"wir贸w",1
"藕r贸da",1
"偶artuj",1
"偶aowa",1
"偶auj",1
"偶onk",1
"偶ycie",1
"偶yciowych",1
"偶ywy",1
"偶y",1
"偶yo",1
"",1
"",1
"",1
"",1
"",1
"",1
"",1
"",1
"",1
"",1
"",1
"",1
"",1
"",1
"",1
"",1
"",1
"",1
"",1
"",1
"ぃぃぃぃ",1
